id,seq,shap_value
neuro013_1539_59,LLLIDEEEKFNQM,"0.8096293238658336,0.7670687464732555,0.7549079684276012,0.7231582430858043,0.914842965986195,0.8614171771068004,1.0043801096934704,0.771880033399525,0.5254321006793408,0.5254321006793408,0.5668234733600048,0.5120148567218212,0.7365769453702994"
neuro013_3008_6,SIFVISTVHYQPN,"-0.22186888399578275,0.6829181796028501,0.2868782168342954,3.891962828653636,3.8424881124671124,1.2060583257849835,1.5142505788977765,2.158590855615916,2.2944818163092755,2.02832752706367,1.9552226686652325,0.45494452955085285,0.3150586271460677"
neuro013_3659_3,VIALRVVEALSPR,"1.1135198010338678,0.9460097683800591,0.7854200734032526,1.113332404030694,-0.9967224703894721,-1.2053644763098823,-4.890815983878242,15.873149622811212,0.8849803500705293,0.6917859607272676,1.2222982936435274,2.0891377025180393,1.012104182773166"
neuro013_3194_7,EIFQKEITPALVS,"6.379127166487954,0.4856101491234517,-10.598458359961386,8.12619440722001,-0.9069063468025877,11.156801302905206,-4.960262845282431,2.5848035113765047,-1.5803995831059172,-1.3621459705876067,-3.1840755396333087,4.721725518182243,2.446572954133476"
neuro013_3685_2,PNKQPYGPSGFWM,"-2.3578404538771687,2.705687029615921,-5.28224050407024,6.833517903790755,-4.006495004191118,-5.031656645013178,4.397937802823102,-8.533877876361991,4.202924701610422,6.060620158949709,3.063949912825441,-7.746184736451292,11.412998765745973"
